"0",""
"0","ggplot(nhanes_fe, aes(x = Fe_ugdL)) +"
"0","  geom_histogram(aes(fill = Gender), alpha=0.5, position=""identity"") +"
"0","  geom_vline(aes(xintercept = 50), linetype = 3, size = 0.3) +"
"0","  annotate(""text"", x = 44, y = 23, label = ""Low"", angle = 90) + #notice syntax"
"0","  geom_vline(aes(xintercept = 120), linetype = 3, size = 0.3) +"
"0","  annotate(""text"", x = 126, y = 23, label = ""High"", angle = 90) +"
"0","  theme(legend.position = c(0.9, 0.85))"
"2","Error in ggplot(nhanes_fe, aes(x = Fe_ugdL)) : 
  object 'nhanes_fe' not found
"
